epoch,train_loss,train_mse_R,train_mse_G,train_mse_B,train_mse_avg,val_loss,val_mse_R,val_mse_G,val_mse_B,val_mse_avg,lr,epoch_time_s
epoch,train_loss,train_mse_R,train_mse_G,train_mse_B,train_mse_avg,val_loss,val_mse_R,val_mse_G,val_mse_B,val_mse_avg,lr,epoch_time_s
1,0.398461,0.040790,0.036748,0.043560,0.040366,0.315121,0.035136,0.031078,0.039088,0.035101,1.00e-05,289.0
2,0.395739,0.042442,0.038510,0.045683,0.042211,0.295454,0.028140,0.028150,0.035957,0.030749,1.00e-05,253.2
3,0.389048,0.041312,0.037529,0.045318,0.041386,0.300567,0.037176,0.035348,0.043547,0.038691,1.00e-05,226.9
4,0.387237,0.042326,0.039183,0.047159,0.042890,0.271103,0.027294,0.026345,0.033370,0.029003,1.00e-05,249.6
5,0.387327,0.043177,0.040066,0.047671,0.043638,0.297370,0.030155,0.028797,0.035968,0.031640,1.00e-05,232.7
6,0.383663,0.042919,0.039860,0.047343,0.043374,0.283001,0.030962,0.030618,0.037390,0.032990,1.00e-05,274.1
7,0.382930,0.043256,0.041134,0.049433,0.044608,0.296441,0.035319,0.033758,0.042549,0.037209,1.00e-05,266.5
